{"cameraMode":{"drawMode":0,"name":"Shaded","section":"Shading Mode"},"sceneLighting":true,"audioPlay":false,"sceneViewState":{"showFog":true,"showMaterialUpdate":false,"showSkybox":true,"showFlares":true,"showImageEffects":true,"showParticleSystems":true},"in2DMode":false,"pivot":{"x":-16.595924377441408,"y":3.8924202919006349,"z":-3.4951844215393068},"rotation":{"x":-0.06924716383218765,"y":-0.014367790892720223,"z":0.0009974458953365684,"w":-0.9974955916404724},"size":17.508955001831056,"orthographic":false}